{"cameraMode":{"drawMode":0,"name":"Shaded","section":"Shading Mode"},"sceneLighting":true,"audioPlay":false,"sceneViewState":{"m_AlwaysRefresh":false,"showFog":true,"showSkybox":true,"showFlares":true,"showImageEffects":true,"showParticleSystems":true,"showVisualEffectGraphs":true,"m_FxEnabled":true},"in2DMode":false,"pivot":{"x":0.28481948375701907,"y":-1.8189334869384766,"z":6.344257831573486},"rotation":{"x":-0.1889999508857727,"y":0.08149611204862595,"z":-0.015740636736154558,"w":-0.978462278842926},"size":5.895474910736084,"orthographic":false}